# Time,Voltage
-2.500000000000000052e-03,2.554999999999999716e+00
-2.495000000000000256e-03,2.554999999999999716e+00
-2.490000000000000026e-03,2.554999999999999716e+00
-2.485000000000000230e-03,2.398749999999999716e+00
-2.480000000000000000e-03,2.398749999999999716e+00
-2.475000000000000203e-03,2.554999999999999716e+00
-2.469999999999999973e-03,2.554999999999999716e+00
-2.465000000000000177e-03,2.554999999999999716e+00
-2.459999999999999947e-03,2.398749999999999716e+00
-2.455000000000000151e-03,2.398749999999999716e+00
-2.449999999999999921e-03,2.398749999999999716e+00
-2.445000000000000125e-03,2.554999999999999716e+00
-2.439999999999999895e-03,2.554999999999999716e+00
-2.435000000000000098e-03,2.554999999999999716e+00
-2.429999999999999868e-03,2.398749999999999716e+00
-2.425000000000000072e-03,2.398749999999999716e+00
-2.419999999999999842e-03,2.398749999999999716e+00
-2.415000000000000046e-03,2.398749999999999716e+00
-2.410000000000000250e-03,2.554999999999999716e+00
-2.405000000000000020e-03,2.398749999999999716e+00
-2.400000000000000223e-03,2.554999999999999716e+00
-2.394999999999999993e-03,2.398749999999999716e+00
-2.390000000000000197e-03,2.554999999999999716e+00
-2.384999999999999967e-03,2.554999999999999716e+00
-2.380000000000000171e-03,2.554999999999999716e+00
-2.374999999999999941e-03,2.554999999999999716e+00
-2.370000000000000145e-03,2.554999999999999716e+00
-2.364999999999999915e-03,2.711249999999999716e+00
-2.360000000000000119e-03,2.554999999999999716e+00
-2.354999999999999889e-03,2.554999999999999716e+00
-2.350000000000000092e-03,2.554999999999999716e+00
-2.344999999999999862e-03,2.711249999999999716e+00
-2.340000000000000066e-03,2.554999999999999716e+00
-2.334999999999999836e-03,2.554999999999999716e+00
-2.330000000000000040e-03,2.398749999999999716e+00
-2.324999999999999810e-03,2.398749999999999716e+00
-2.320000000000000014e-03,2.711249999999999716e+00
-2.315000000000000217e-03,2.242499999999999716e+00
-2.309999999999999987e-03,2.242499999999999716e+00
-2.305000000000000191e-03,2.554999999999999716e+00
-2.299999999999999961e-03,2.554999999999999716e+00
-2.295000000000000165e-03,2.554999999999999716e+00
-2.289999999999999935e-03,2.711249999999999716e+00
-2.285000000000000139e-03,2.554999999999999716e+00
-2.279999999999999909e-03,2.554999999999999716e+00
-2.275000000000000112e-03,2.398749999999999716e+00
-2.269999999999999882e-03,2.554999999999999716e+00
-2.265000000000000086e-03,2.398749999999999716e+00
-2.259999999999999856e-03,2.554999999999999716e+00
-2.255000000000000060e-03,2.398749999999999716e+00
-2.250000000000000264e-03,2.554999999999999716e+00
-2.245000000000000034e-03,2.398749999999999716e+00
-2.239999999999999804e-03,2.554999999999999716e+00
-2.235000000000000007e-03,2.398749999999999716e+00
-2.230000000000000211e-03,2.398749999999999716e+00
-2.224999999999999981e-03,2.554999999999999716e+00
-2.220000000000000185e-03,2.554999999999999716e+00
-2.214999999999999955e-03,2.398749999999999716e+00
-2.210000000000000159e-03,2.554999999999999716e+00
-2.204999999999999929e-03,2.554999999999999716e+00
-2.200000000000000133e-03,2.554999999999999716e+00
-2.194999999999999903e-03,2.554999999999999716e+00
-2.190000000000000106e-03,2.711249999999999716e+00
-2.184999999999999876e-03,2.711249999999999716e+00
-2.180000000000000080e-03,2.554999999999999716e+00
-2.174999999999999850e-03,2.554999999999999716e+00
-2.170000000000000054e-03,2.554999999999999716e+00
-2.165000000000000258e-03,2.398749999999999716e+00
-2.160000000000000028e-03,2.398749999999999716e+00
-2.154999999999999798e-03,2.554999999999999716e+00
-2.150000000000000001e-03,2.554999999999999716e+00
-2.145000000000000205e-03,2.398749999999999716e+00
-2.139999999999999975e-03,2.554999999999999716e+00
-2.135000000000000179e-03,2.398749999999999716e+00
-2.129999999999999949e-03,2.554999999999999716e+00
-2.125000000000000153e-03,2.554999999999999716e+00
-2.119999999999999923e-03,2.711249999999999716e+00
-2.115000000000000126e-03,2.554999999999999716e+00
-2.109999999999999896e-03,2.554999999999999716e+00
-2.105000000000000100e-03,2.554999999999999716e+00
-2.099999999999999870e-03,2.554999999999999716e+00
-2.095000000000000074e-03,2.554999999999999716e+00
-2.089999999999999844e-03,2.398749999999999716e+00
-2.085000000000000048e-03,2.554999999999999716e+00
-2.080000000000000251e-03,5.499999999999971578e-02
-2.075000000000000022e-03,5.499999999999971578e-02
-2.069999999999999792e-03,5.499999999999971578e-02
-2.064999999999999995e-03,5.499999999999971578e-02
-2.060000000000000199e-03,2.112499999999997158e-01
-2.054999999999999969e-03,5.499999999999971578e-02
-2.050000000000000173e-03,5.499999999999971578e-02
-2.044999999999999943e-03,5.499999999999971578e-02
-2.040000000000000147e-03,5.499999999999971578e-02
-2.034999999999999917e-03,5.499999999999971578e-02
-2.030000000000000120e-03,5.499999999999971578e-02
-2.024999999999999890e-03,5.499999999999971578e-02
-2.020000000000000094e-03,-1.012500000000002842e-01
-2.014999999999999864e-03,-1.012500000000002842e-01
-2.010000000000000068e-03,5.499999999999971578e-02
-2.004999999999999838e-03,5.499999999999971578e-02
-2.000000000000000042e-03,5.499999999999971578e-02
-1.995000000000000245e-03,5.499999999999971578e-02
-1.990000000000000015e-03,5.499999999999971578e-02
-1.984999999999999785e-03,5.499999999999971578e-02
-1.979999999999999989e-03,5.499999999999971578e-02
-1.975000000000000193e-03,5.499999999999971578e-02
-1.969999999999999963e-03,5.499999999999971578e-02
-1.965000000000000167e-03,5.499999999999971578e-02
-1.959999999999999937e-03,-1.012500000000002842e-01
-1.955000000000000140e-03,2.112499999999997158e-01
-1.949999999999999910e-03,5.499999999999971578e-02
-1.945000000000000114e-03,5.499999999999971578e-02
-1.939999999999999884e-03,-1.012500000000002842e-01
-1.935000000000000088e-03,5.499999999999971578e-02
-1.929999999999999858e-03,5.499999999999971578e-02
-1.925000000000000062e-03,5.499999999999971578e-02
-1.920000000000000049e-03,5.499999999999971578e-02
-1.915000000000000036e-03,-1.012500000000002842e-01
-1.910000000000000022e-03,2.112499999999997158e-01
-1.905000000000000009e-03,-1.012500000000002842e-01
-1.899999999999999996e-03,5.499999999999971578e-02
-1.894999999999999983e-03,2.112499999999997158e-01
-1.889999999999999970e-03,-1.012500000000002842e-01
-1.884999999999999957e-03,5.499999999999971578e-02
-1.880000000000000161e-03,5.499999999999971578e-02
-1.874999999999999931e-03,5.499999999999971578e-02
-1.870000000000000134e-03,5.499999999999971578e-02
-1.864999999999999904e-03,5.499999999999971578e-02
-1.860000000000000108e-03,5.499999999999971578e-02
-1.854999999999999878e-03,2.112499999999997158e-01
-1.850000000000000082e-03,5.499999999999971578e-02
-1.844999999999999852e-03,2.112499999999997158e-01
-1.840000000000000056e-03,5.499999999999971578e-02
-1.835000000000000043e-03,5.499999999999971578e-02
-1.830000000000000029e-03,5.499999999999971578e-02
-1.825000000000000016e-03,5.499999999999971578e-02
-1.820000000000000003e-03,-1.012500000000002842e-01
-1.814999999999999990e-03,2.112499999999997158e-01
-1.809999999999999977e-03,-1.012500000000002842e-01
-1.804999999999999964e-03,2.112499999999997158e-01
-1.799999999999999951e-03,5.499999999999971578e-02
-1.795000000000000154e-03,5.499999999999971578e-02
-1.789999999999999925e-03,5.499999999999971578e-02
-1.785000000000000128e-03,5.499999999999971578e-02
-1.779999999999999898e-03,-1.012500000000002842e-01
-1.775000000000000102e-03,3.674999999999997158e-01
-1.769999999999999872e-03,5.499999999999971578e-02
-1.765000000000000076e-03,5.499999999999971578e-02
-1.759999999999999846e-03,5.499999999999971578e-02
-1.755000000000000050e-03,-2.575000000000002842e-01
-1.750000000000000036e-03,-1.012500000000002842e-01
-1.745000000000000023e-03,5.499999999999971578e-02
-1.740000000000000010e-03,5.499999999999971578e-02
-1.734999999999999997e-03,5.499999999999971578e-02
-1.729999999999999984e-03,-1.012500000000002842e-01
-1.724999999999999971e-03,5.499999999999971578e-02
-1.719999999999999958e-03,5.499999999999971578e-02
-1.714999999999999945e-03,2.112499999999997158e-01
-1.710000000000000148e-03,5.499999999999971578e-02
-1.704999999999999918e-03,2.112499999999997158e-01
-1.700000000000000122e-03,5.499999999999971578e-02
-1.694999999999999892e-03,5.499999999999971578e-02
-1.690000000000000096e-03,5.499999999999971578e-02
-1.684999999999999866e-03,2.112499999999997158e-01
-1.680000000000000070e-03,-1.012500000000002842e-01
-1.674999999999999840e-03,5.499999999999971578e-02
-1.670000000000000043e-03,2.398749999999999716e+00
-1.665000000000000030e-03,2.711249999999999716e+00
-1.660000000000000017e-03,2.554999999999999716e+00
-1.655000000000000004e-03,2.554999999999999716e+00
-1.649999999999999991e-03,2.398749999999999716e+00
-1.644999999999999978e-03,2.554999999999999716e+00
-1.639999999999999965e-03,2.554999999999999716e+00
-1.634999999999999952e-03,2.554999999999999716e+00
-1.629999999999999939e-03,2.398749999999999716e+00
-1.625000000000000142e-03,2.398749999999999716e+00
-1.619999999999999912e-03,2.398749999999999716e+00
-1.615000000000000116e-03,2.554999999999999716e+00
-1.609999999999999886e-03,2.398749999999999716e+00
-1.605000000000000090e-03,2.554999999999999716e+00
-1.599999999999999860e-03,2.398749999999999716e+00
-1.595000000000000064e-03,2.554999999999999716e+00
-1.589999999999999834e-03,2.398749999999999716e+00
-1.585000000000000037e-03,2.554999999999999716e+00
-1.580000000000000024e-03,2.711249999999999716e+00
-1.575000000000000011e-03,2.554999999999999716e+00
-1.569999999999999998e-03,2.711249999999999716e+00
-1.564999999999999985e-03,2.398749999999999716e+00
-1.559999999999999972e-03,2.398749999999999716e+00
-1.554999999999999959e-03,2.554999999999999716e+00
-1.549999999999999946e-03,2.554999999999999716e+00
-1.544999999999999932e-03,2.554999999999999716e+00
-1.539999999999999919e-03,2.554999999999999716e+00
-1.534999999999999906e-03,2.554999999999999716e+00
-1.530000000000000110e-03,2.554999999999999716e+00
-1.524999999999999880e-03,2.398749999999999716e+00
-1.519999999999999867e-03,2.554999999999999716e+00
-1.515000000000000071e-03,2.554999999999999716e+00
-1.510000000000000057e-03,2.554999999999999716e+00
-1.505000000000000044e-03,2.398749999999999716e+00
-1.500000000000000031e-03,2.398749999999999716e+00
-1.495000000000000018e-03,2.554999999999999716e+00
-1.490000000000000005e-03,2.398749999999999716e+00
-1.484999999999999992e-03,2.554999999999999716e+00
-1.479999999999999979e-03,2.398749999999999716e+00
-1.474999999999999966e-03,2.554999999999999716e+00
-1.469999999999999953e-03,2.554999999999999716e+00
-1.464999999999999939e-03,2.554999999999999716e+00
-1.459999999999999926e-03,2.554999999999999716e+00
-1.454999999999999913e-03,2.398749999999999716e+00
-1.449999999999999900e-03,2.554999999999999716e+00
-1.444999999999999887e-03,2.711249999999999716e+00
-1.439999999999999874e-03,2.554999999999999716e+00
-1.434999999999999861e-03,2.398749999999999716e+00
-1.430000000000000064e-03,2.554999999999999716e+00
-1.425000000000000051e-03,2.398749999999999716e+00
-1.420000000000000038e-03,2.398749999999999716e+00
-1.415000000000000025e-03,2.554999999999999716e+00
-1.410000000000000012e-03,2.398749999999999716e+00
-1.404999999999999999e-03,2.398749999999999716e+00
-1.399999999999999986e-03,2.398749999999999716e+00
-1.394999999999999973e-03,2.711249999999999716e+00
-1.389999999999999960e-03,2.554999999999999716e+00
-1.384999999999999946e-03,2.554999999999999716e+00
-1.379999999999999933e-03,2.554999999999999716e+00
-1.374999999999999920e-03,2.554999999999999716e+00
-1.369999999999999907e-03,2.554999999999999716e+00
-1.364999999999999894e-03,2.398749999999999716e+00
-1.359999999999999881e-03,2.554999999999999716e+00
-1.354999999999999868e-03,2.398749999999999716e+00
-1.349999999999999855e-03,2.554999999999999716e+00
-1.345000000000000058e-03,2.554999999999999716e+00
-1.340000000000000045e-03,2.554999999999999716e+00
-1.335000000000000032e-03,2.554999999999999716e+00
-1.330000000000000019e-03,2.398749999999999716e+00
-1.325000000000000006e-03,2.554999999999999716e+00
-1.319999999999999993e-03,2.554999999999999716e+00
-1.314999999999999980e-03,2.711249999999999716e+00
-1.309999999999999967e-03,2.554999999999999716e+00
-1.304999999999999953e-03,2.554999999999999716e+00
-1.299999999999999940e-03,2.554999999999999716e+00
-1.294999999999999927e-03,2.711249999999999716e+00
-1.289999999999999914e-03,2.554999999999999716e+00
-1.284999999999999901e-03,2.711249999999999716e+00
-1.279999999999999888e-03,2.554999999999999716e+00
-1.274999999999999875e-03,2.711249999999999716e+00
-1.269999999999999862e-03,2.554999999999999716e+00
-1.264999999999999849e-03,2.554999999999999716e+00
-1.260000000000000052e-03,2.711249999999999716e+00
-1.255000000000000039e-03,2.711249999999999716e+00
-1.250000000000000026e-03,2.112499999999997158e-01
-1.245000000000000013e-03,5.499999999999971578e-02
-1.240000000000000000e-03,5.499999999999971578e-02
-1.234999999999999987e-03,2.112499999999997158e-01
-1.229999999999999974e-03,5.499999999999971578e-02
-1.224999999999999960e-03,5.499999999999971578e-02
-1.219999999999999947e-03,-1.012500000000002842e-01
-1.214999999999999934e-03,-1.012500000000002842e-01
-1.209999999999999921e-03,5.499999999999971578e-02
-1.204999999999999908e-03,2.112499999999997158e-01
-1.199999999999999895e-03,5.499999999999971578e-02
-1.194999999999999882e-03,5.499999999999971578e-02
-1.189999999999999869e-03,5.499999999999971578e-02
-1.184999999999999856e-03,-1.012500000000002842e-01
-1.179999999999999842e-03,-1.012500000000002842e-01
-1.175000000000000046e-03,5.499999999999971578e-02
-1.170000000000000033e-03,2.112499999999997158e-01
-1.165000000000000020e-03,2.112499999999997158e-01
-1.160000000000000007e-03,-1.012500000000002842e-01
-1.154999999999999994e-03,-1.012500000000002842e-01
-1.149999999999999981e-03,5.499999999999971578e-02
-1.144999999999999967e-03,-1.012500000000002842e-01
-1.139999999999999954e-03,5.499999999999971578e-02
-1.134999999999999941e-03,5.499999999999971578e-02
-1.129999999999999928e-03,2.112499999999997158e-01
-1.124999999999999915e-03,5.499999999999971578e-02
-1.119999999999999902e-03,2.112499999999997158e-01
-1.114999999999999889e-03,-1.012500000000002842e-01
-1.109999999999999876e-03,-1.012500000000002842e-01
-1.104999999999999863e-03,5.499999999999971578e-02
-1.099999999999999849e-03,-1.012500000000002842e-01
-1.094999999999999836e-03,5.499999999999971578e-02
-1.090000000000000040e-03,5.499999999999971578e-02
-1.085000000000000027e-03,3.674999999999997158e-01
-1.080000000000000014e-03,-1.012500000000002842e-01
-1.075000000000000001e-03,5.499999999999971578e-02
-1.069999999999999988e-03,-1.012500000000002842e-01
-1.064999999999999974e-03,5.499999999999971578e-02
-1.059999999999999961e-03,-1.012500000000002842e-01
-1.054999999999999948e-03,-1.012500000000002842e-01
-1.049999999999999935e-03,5.499999999999971578e-02
-1.044999999999999922e-03,-1.012500000000002842e-01
-1.039999999999999909e-03,-1.012500000000002842e-01
-1.034999999999999896e-03,5.499999999999971578e-02
-1.029999999999999883e-03,5.499999999999971578e-02
-1.024999999999999870e-03,-1.012500000000002842e-01
-1.019999999999999856e-03,5.499999999999971578e-02
-1.014999999999999843e-03,2.112499999999997158e-01
-1.009999999999999830e-03,-1.012500000000002842e-01
-1.005000000000000034e-03,-1.012500000000002842e-01
-1.000000000000000021e-03,5.499999999999971578e-02
-9.950000000000000077e-04,5.499999999999971578e-02
-9.899999999999999946e-04,5.499999999999971578e-02
-9.849999999999999815e-04,5.499999999999971578e-02
-9.799999999999999684e-04,5.499999999999971578e-02
-9.749999999999999552e-04,5.499999999999971578e-02
-9.699999999999999421e-04,2.112499999999997158e-01
-9.649999999999999290e-04,5.499999999999971578e-02
-9.599999999999999159e-04,5.499999999999971578e-02
-9.549999999999999028e-04,5.499999999999971578e-02
-9.499999999999998897e-04,-1.012500000000002842e-01
-9.449999999999998766e-04,5.499999999999971578e-02
-9.399999999999998634e-04,5.499999999999971578e-02
-9.349999999999998503e-04,-1.012500000000002842e-01
-9.299999999999998372e-04,5.499999999999971578e-02
-9.249999999999998241e-04,5.499999999999971578e-02
-9.200000000000000278e-04,5.499999999999971578e-02
-9.150000000000000147e-04,5.499999999999971578e-02
-9.100000000000000016e-04,5.499999999999971578e-02
-9.049999999999999885e-04,5.499999999999971578e-02
-8.999999999999999754e-04,-1.012500000000002842e-01
-8.949999999999999623e-04,-1.012500000000002842e-01
-8.899999999999999491e-04,2.112499999999997158e-01
-8.849999999999999360e-04,2.112499999999997158e-01
-8.799999999999999229e-04,5.499999999999971578e-02
-8.749999999999999098e-04,2.112499999999997158e-01
-8.699999999999998967e-04,-1.012500000000002842e-01
-8.649999999999998836e-04,5.499999999999971578e-02
-8.599999999999998705e-04,5.499999999999971578e-02
-8.549999999999998573e-04,5.499999999999971578e-02
-8.499999999999998442e-04,-1.012500000000002842e-01
-8.449999999999998311e-04,2.112499999999997158e-01
-8.399999999999998180e-04,-1.012500000000002842e-01
-8.350000000000000217e-04,5.499999999999971578e-02
-8.300000000000000086e-04,2.554999999999999716e+00
-8.249999999999999955e-04,2.242499999999999716e+00
-8.199999999999999824e-04,2.398749999999999716e+00
-8.149999999999999693e-04,2.554999999999999716e+00
-8.099999999999999561e-04,2.554999999999999716e+00
-8.049999999999999430e-04,2.711249999999999716e+00
-7.999999999999999299e-04,2.554999999999999716e+00
-7.949999999999999168e-04,2.554999999999999716e+00
-7.899999999999999037e-04,2.711249999999999716e+00
-7.849999999999998906e-04,2.398749999999999716e+00
-7.799999999999998775e-04,2.554999999999999716e+00
-7.749999999999998643e-04,2.398749999999999716e+00
-7.699999999999998512e-04,2.398749999999999716e+00
-7.649999999999998381e-04,2.554999999999999716e+00
-7.599999999999998250e-04,2.554999999999999716e+00
-7.549999999999998119e-04,2.398749999999999716e+00
-7.500000000000000156e-04,2.398749999999999716e+00
-7.450000000000000025e-04,2.398749999999999716e+00
-7.399999999999999894e-04,2.398749999999999716e+00
-7.349999999999999763e-04,2.554999999999999716e+00
-7.299999999999999632e-04,2.554999999999999716e+00
-7.249999999999999500e-04,2.554999999999999716e+00
-7.199999999999999369e-04,2.554999999999999716e+00
-7.149999999999999238e-04,2.398749999999999716e+00
-7.099999999999999107e-04,2.554999999999999716e+00
-7.049999999999998976e-04,2.554999999999999716e+00
-6.999999999999998845e-04,2.398749999999999716e+00
-6.949999999999998714e-04,2.554999999999999716e+00
-6.899999999999998582e-04,2.554999999999999716e+00
-6.849999999999998451e-04,2.554999999999999716e+00
-6.799999999999998320e-04,2.398749999999999716e+00
-6.749999999999998189e-04,2.398749999999999716e+00
-6.699999999999998058e-04,2.711249999999999716e+00
-6.650000000000000095e-04,2.554999999999999716e+00
-6.599999999999999964e-04,2.398749999999999716e+00
-6.549999999999999833e-04,2.242499999999999716e+00
-6.499999999999999702e-04,2.554999999999999716e+00
-6.449999999999999570e-04,2.398749999999999716e+00
-6.399999999999999439e-04,2.554999999999999716e+00
-6.349999999999999308e-04,2.554999999999999716e+00
-6.299999999999999177e-04,2.554999999999999716e+00
-6.249999999999999046e-04,2.711249999999999716e+00
-6.199999999999998915e-04,2.554999999999999716e+00
-6.149999999999998784e-04,2.554999999999999716e+00
-6.099999999999998652e-04,2.554999999999999716e+00
-6.049999999999998521e-04,2.554999999999999716e+00
-5.999999999999998390e-04,2.398749999999999716e+00
-5.949999999999998259e-04,2.554999999999999716e+00
-5.899999999999998128e-04,2.554999999999999716e+00
-5.849999999999997997e-04,2.554999999999999716e+00
-5.799999999999997866e-04,2.554999999999999716e+00
-5.749999999999999903e-04,2.398749999999999716e+00
-5.699999999999999772e-04,2.398749999999999716e+00
-5.649999999999999641e-04,2.554999999999999716e+00
-5.599999999999999509e-04,2.554999999999999716e+00
-5.549999999999999378e-04,2.398749999999999716e+00
-5.499999999999999247e-04,2.554999999999999716e+00
-5.449999999999999116e-04,2.398749999999999716e+00
-5.399999999999996816e-04,2.711249999999999716e+00
-5.349999999999998854e-04,2.554999999999999716e+00
-5.300000000000000891e-04,2.554999999999999716e+00
-5.249999999999998591e-04,2.398749999999999716e+00
-5.200000000000000629e-04,2.554999999999999716e+00
-5.149999999999998329e-04,2.398749999999999716e+00
-5.100000000000000366e-04,2.554999999999999716e+00
-5.049999999999998067e-04,2.554999999999999716e+00
-5.000000000000000104e-04,2.398749999999999716e+00
-4.949999999999997805e-04,2.711249999999999716e+00
-4.899999999999999842e-04,2.554999999999999716e+00
-4.849999999999997542e-04,2.554999999999999716e+00
-4.799999999999999580e-04,2.554999999999999716e+00
-4.749999999999997280e-04,2.398749999999999716e+00
-4.699999999999999317e-04,2.398749999999999716e+00
-4.649999999999997018e-04,2.554999999999999716e+00
-4.599999999999999055e-04,2.554999999999999716e+00
-4.549999999999996755e-04,2.242499999999999716e+00
-4.499999999999998793e-04,2.711249999999999716e+00
-4.450000000000000830e-04,2.554999999999999716e+00
-4.399999999999998530e-04,2.554999999999999716e+00
-4.350000000000000568e-04,2.554999999999999716e+00
-4.299999999999998268e-04,2.398749999999999716e+00
-4.250000000000000305e-04,2.554999999999999716e+00
-4.199999999999998006e-04,2.554999999999999716e+00
-4.150000000000000043e-04,5.499999999999971578e-02
-4.099999999999997743e-04,5.499999999999971578e-02
-4.049999999999999781e-04,2.112499999999997158e-01
-3.999999999999997481e-04,-1.012500000000002842e-01
-3.949999999999999518e-04,5.499999999999971578e-02
-3.899999999999997219e-04,5.499999999999971578e-02
-3.849999999999999256e-04,-1.012500000000002842e-01
-3.799999999999996957e-04,5.499999999999971578e-02
-3.749999999999998994e-04,5.499999999999971578e-02
-3.699999999999996694e-04,5.499999999999971578e-02
-3.649999999999998732e-04,5.499999999999971578e-02
-3.600000000000000769e-04,5.499999999999971578e-02
-3.549999999999998469e-04,5.499999999999971578e-02
-3.500000000000000507e-04,-1.012500000000002842e-01
-3.449999999999998207e-04,-1.012500000000002842e-01
-3.400000000000000244e-04,5.499999999999971578e-02
-3.349999999999997945e-04,2.112499999999997158e-01
-3.299999999999999982e-04,5.499999999999971578e-02
-3.249999999999997682e-04,5.499999999999971578e-02
-3.199999999999999720e-04,5.499999999999971578e-02
-3.149999999999997420e-04,5.499999999999971578e-02
-3.099999999999999457e-04,5.499999999999971578e-02
-3.049999999999997158e-04,-1.012500000000002842e-01
-2.999999999999999195e-04,5.499999999999971578e-02
-2.949999999999996896e-04,5.499999999999971578e-02
-2.899999999999998933e-04,5.499999999999971578e-02
-2.849999999999996633e-04,5.499999999999971578e-02
-2.799999999999998671e-04,5.499999999999971578e-02
-2.750000000000000708e-04,5.499999999999971578e-02
-2.699999999999998408e-04,-1.012500000000002842e-01
-2.650000000000000445e-04,5.499999999999971578e-02
-2.599999999999998146e-04,5.499999999999971578e-02
-2.550000000000000183e-04,-1.012500000000002842e-01
-2.499999999999997884e-04,5.499999999999971578e-02
-2.449999999999999921e-04,5.499999999999971578e-02
-2.399999999999997621e-04,5.499999999999971578e-02
-2.349999999999999659e-04,-1.012500000000002842e-01
-2.299999999999997359e-04,5.499999999999971578e-02
-2.249999999999999396e-04,-1.012500000000002842e-01
-2.199999999999997097e-04,5.499999999999971578e-02
-2.149999999999999134e-04,5.499999999999971578e-02
-2.099999999999996834e-04,5.499999999999971578e-02
-2.049999999999998872e-04,5.499999999999971578e-02
-1.999999999999996572e-04,5.499999999999971578e-02
-1.949999999999998609e-04,-1.012500000000002842e-01
-1.900000000000000647e-04,5.499999999999971578e-02
-1.849999999999998347e-04,2.112499999999997158e-01
-1.800000000000000384e-04,5.499999999999971578e-02
-1.749999999999998085e-04,-1.012500000000002842e-01
-1.700000000000000122e-04,5.499999999999971578e-02
-1.649999999999997823e-04,5.499999999999971578e-02
-1.599999999999999860e-04,2.112499999999997158e-01
-1.549999999999997560e-04,5.499999999999971578e-02
-1.499999999999999598e-04,-1.012500000000002842e-01
-1.449999999999997298e-04,5.499999999999971578e-02
-1.399999999999999335e-04,5.499999999999971578e-02
-1.349999999999997036e-04,5.499999999999971578e-02
-1.299999999999999073e-04,5.499999999999971578e-02
-1.249999999999996773e-04,5.499999999999971578e-02
-1.199999999999998811e-04,2.112499999999997158e-01
-1.149999999999996511e-04,5.499999999999971578e-02
-1.099999999999998548e-04,5.499999999999971578e-02
-1.050000000000000586e-04,2.112499999999997158e-01
-9.999999999999982861e-05,-1.012500000000002842e-01
-9.500000000000003234e-05,-1.012500000000002842e-01
-8.999999999999980238e-05,5.499999999999971578e-02
-8.500000000000000611e-05,-1.012500000000002842e-01
-7.999999999999977615e-05,5.499999999999971578e-02
-7.499999999999997988e-05,5.499999999999971578e-02
-6.999999999999974992e-05,5.499999999999971578e-02
-6.499999999999995365e-05,5.499999999999971578e-02
-5.999999999999972369e-05,5.499999999999971578e-02
-5.499999999999992742e-05,5.499999999999971578e-02
-4.999999999999969746e-05,-1.012500000000002842e-01
-4.499999999999990119e-05,-1.012500000000002842e-01
-3.999999999999967124e-05,5.499999999999971578e-02
-3.499999999999987496e-05,5.499999999999971578e-02
-2.999999999999964501e-05,5.499999999999971578e-02
-2.499999999999984873e-05,-1.012500000000002842e-01
-2.000000000000005246e-05,-1.012500000000002842e-01
-1.499999999999982250e-05,2.112499999999997158e-01
-1.000000000000002623e-05,2.112499999999997158e-01
-4.999999999999796274e-06,-1.012500000000002842e-01
0.000000000000000000e+00,2.398749999999999716e+00
5.000000000000229955e-06,2.711249999999999716e+00
1.000000000000002623e-05,2.554999999999999716e+00
1.500000000000025618e-05,2.554999999999999716e+00
2.000000000000005246e-05,2.554999999999999716e+00
2.500000000000028241e-05,2.398749999999999716e+00
3.000000000000007869e-05,2.554999999999999716e+00
3.500000000000030864e-05,2.554999999999999716e+00
4.000000000000010492e-05,2.554999999999999716e+00
4.500000000000033487e-05,2.398749999999999716e+00
5.000000000000013115e-05,2.554999999999999716e+00
5.500000000000036110e-05,2.398749999999999716e+00
6.000000000000015737e-05,2.554999999999999716e+00
6.499999999999995365e-05,2.398749999999999716e+00
7.000000000000018360e-05,2.242499999999999716e+00
7.499999999999997988e-05,2.398749999999999716e+00
8.000000000000020983e-05,2.554999999999999716e+00
8.500000000000000611e-05,2.554999999999999716e+00
9.000000000000023606e-05,2.398749999999999716e+00
9.500000000000003234e-05,2.554999999999999716e+00
1.000000000000002623e-04,2.554999999999999716e+00
1.050000000000000586e-04,2.554999999999999716e+00
1.100000000000002885e-04,2.398749999999999716e+00
1.150000000000000848e-04,2.398749999999999716e+00
1.200000000000003147e-04,2.554999999999999716e+00
1.250000000000001110e-04,2.398749999999999716e+00
1.300000000000003410e-04,2.554999999999999716e+00
1.350000000000001373e-04,2.711249999999999716e+00
1.400000000000003672e-04,2.554999999999999716e+00
1.450000000000001635e-04,2.554999999999999716e+00
1.499999999999999598e-04,2.554999999999999716e+00
1.550000000000001897e-04,2.398749999999999716e+00
1.599999999999999860e-04,2.554999999999999716e+00
1.650000000000002159e-04,2.554999999999999716e+00
1.700000000000000122e-04,2.554999999999999716e+00
1.750000000000002422e-04,2.554999999999999716e+00
1.800000000000000384e-04,2.554999999999999716e+00
1.850000000000002684e-04,2.711249999999999716e+00
1.900000000000000647e-04,2.711249999999999716e+00
1.950000000000002946e-04,2.554999999999999716e+00
2.000000000000000909e-04,2.554999999999999716e+00
2.050000000000003209e-04,2.554999999999999716e+00
2.100000000000001171e-04,2.554999999999999716e+00
2.150000000000003471e-04,2.554999999999999716e+00
2.200000000000001434e-04,2.398749999999999716e+00
2.250000000000003733e-04,2.711249999999999716e+00
2.300000000000001696e-04,2.398749999999999716e+00
2.349999999999999659e-04,2.554999999999999716e+00
2.400000000000001958e-04,2.242499999999999716e+00
2.449999999999999921e-04,2.554999999999999716e+00
2.500000000000002220e-04,2.398749999999999716e+00
2.550000000000000183e-04,2.554999999999999716e+00
2.600000000000002483e-04,2.398749999999999716e+00
2.650000000000000445e-04,2.554999999999999716e+00
2.700000000000002745e-04,2.711249999999999716e+00
2.750000000000000708e-04,2.554999999999999716e+00
2.800000000000003007e-04,2.711249999999999716e+00
2.850000000000000970e-04,2.711249999999999716e+00
2.900000000000003270e-04,2.398749999999999716e+00
2.950000000000001232e-04,2.554999999999999716e+00
3.000000000000003532e-04,2.554999999999999716e+00
3.050000000000001495e-04,2.554999999999999716e+00
3.100000000000003794e-04,2.398749999999999716e+00
3.150000000000001757e-04,2.554999999999999716e+00
3.199999999999999720e-04,2.711249999999999716e+00
3.250000000000002019e-04,2.554999999999999716e+00
3.299999999999999982e-04,2.711249999999999716e+00
3.350000000000002282e-04,2.398749999999999716e+00
3.400000000000000244e-04,2.398749999999999716e+00
3.450000000000002544e-04,2.398749999999999716e+00
3.500000000000000507e-04,2.554999999999999716e+00
3.550000000000002806e-04,2.554999999999999716e+00
3.600000000000000769e-04,2.554999999999999716e+00
3.650000000000003068e-04,2.398749999999999716e+00
3.700000000000001031e-04,2.398749999999999716e+00
3.750000000000003331e-04,2.554999999999999716e+00
3.800000000000001293e-04,2.554999999999999716e+00
3.850000000000003593e-04,2.554999999999999716e+00
3.900000000000001556e-04,2.554999999999999716e+00
3.950000000000003855e-04,2.554999999999999716e+00
4.000000000000001818e-04,2.554999999999999716e+00
4.049999999999999781e-04,2.554999999999999716e+00
4.100000000000002080e-04,2.398749999999999716e+00
4.150000000000000043e-04,-1.012500000000002842e-01
4.200000000000002343e-04,-2.575000000000002842e-01
4.250000000000000305e-04,5.499999999999971578e-02
4.300000000000002605e-04,5.499999999999971578e-02
4.350000000000000568e-04,5.499999999999971578e-02
4.400000000000002867e-04,5.499999999999971578e-02
4.450000000000000830e-04,5.499999999999971578e-02
4.500000000000003129e-04,-1.012500000000002842e-01
4.550000000000001092e-04,5.499999999999971578e-02
4.600000000000003392e-04,5.499999999999971578e-02
4.650000000000001354e-04,5.499999999999971578e-02
4.700000000000003654e-04,5.499999999999971578e-02
4.750000000000001617e-04,5.499999999999971578e-02
4.800000000000003916e-04,-1.012500000000002842e-01
4.850000000000001879e-04,5.499999999999971578e-02
4.899999999999999842e-04,2.112499999999997158e-01
4.950000000000002141e-04,-1.012500000000002842e-01
5.000000000000000104e-04,5.499999999999971578e-02
5.050000000000002404e-04,5.499999999999971578e-02
5.100000000000000366e-04,-1.012500000000002842e-01
5.150000000000002666e-04,-1.012500000000002842e-01
5.200000000000000629e-04,5.499999999999971578e-02
5.250000000000002928e-04,2.112499999999997158e-01
5.300000000000000891e-04,-1.012500000000002842e-01
5.350000000000003191e-04,5.499999999999971578e-02
5.400000000000001153e-04,5.499999999999971578e-02
5.450000000000003453e-04,-1.012500000000002842e-01
5.500000000000001416e-04,-1.012500000000002842e-01
5.550000000000003715e-04,5.499999999999971578e-02
5.600000000000001678e-04,5.499999999999971578e-02
5.650000000000003977e-04,5.499999999999971578e-02
5.700000000000001940e-04,5.499999999999971578e-02
5.749999999999999903e-04,-1.012500000000002842e-01
5.800000000000002202e-04,5.499999999999971578e-02
5.850000000000000165e-04,5.499999999999971578e-02
5.900000000000002465e-04,5.499999999999971578e-02
5.950000000000000427e-04,5.499999999999971578e-02
6.000000000000002727e-04,2.112499999999997158e-01
6.050000000000000690e-04,5.499999999999971578e-02
6.100000000000002989e-04,-1.012500000000002842e-01
6.150000000000000952e-04,5.499999999999971578e-02
6.200000000000003252e-04,5.499999999999971578e-02
6.250000000000001214e-04,5.499999999999971578e-02
6.300000000000003514e-04,5.499999999999971578e-02
6.350000000000001477e-04,5.499999999999971578e-02
6.400000000000003776e-04,2.112499999999997158e-01
6.450000000000001739e-04,5.499999999999971578e-02
6.500000000000004038e-04,-1.012500000000002842e-01
6.550000000000002001e-04,5.499999999999971578e-02
6.599999999999999964e-04,5.499999999999971578e-02
6.650000000000002263e-04,-1.012500000000002842e-01
6.700000000000000226e-04,-1.012500000000002842e-01
6.750000000000002526e-04,5.499999999999971578e-02
6.800000000000000488e-04,5.499999999999971578e-02
6.850000000000002788e-04,-1.012500000000002842e-01
6.900000000000000751e-04,5.499999999999971578e-02
6.950000000000003050e-04,-1.012500000000002842e-01
7.000000000000001013e-04,5.499999999999971578e-02
7.050000000000003313e-04,5.499999999999971578e-02
7.100000000000001275e-04,2.112499999999997158e-01
7.150000000000003575e-04,5.499999999999971578e-02
7.200000000000001538e-04,5.499999999999971578e-02
7.250000000000003837e-04,-1.012500000000002842e-01
7.300000000000001800e-04,5.499999999999971578e-02
7.350000000000004099e-04,-1.012500000000002842e-01
7.400000000000002062e-04,2.112499999999997158e-01
7.450000000000000025e-04,-1.012500000000002842e-01
7.500000000000002325e-04,-1.012500000000002842e-01
7.550000000000000287e-04,5.499999999999971578e-02
7.600000000000002587e-04,5.499999999999971578e-02
7.650000000000000550e-04,5.499999999999971578e-02
7.700000000000002849e-04,-1.012500000000002842e-01
7.750000000000000812e-04,5.499999999999971578e-02
7.800000000000003111e-04,5.499999999999971578e-02
7.850000000000001074e-04,5.499999999999971578e-02
7.900000000000003374e-04,5.499999999999971578e-02
7.950000000000001336e-04,-1.012500000000002842e-01
8.000000000000003636e-04,5.499999999999971578e-02
8.050000000000001599e-04,5.499999999999971578e-02
8.100000000000003898e-04,-1.012500000000002842e-01
8.150000000000001861e-04,2.112499999999997158e-01
8.200000000000004161e-04,-1.012500000000002842e-01
8.250000000000002123e-04,5.499999999999971578e-02
8.300000000000000086e-04,2.112499999999997158e-01
8.350000000000002386e-04,2.711249999999999716e+00
8.400000000000000348e-04,2.554999999999999716e+00
8.450000000000002648e-04,2.554999999999999716e+00
8.500000000000000611e-04,2.554999999999999716e+00
8.550000000000002910e-04,2.554999999999999716e+00
8.600000000000000873e-04,2.554999999999999716e+00
8.650000000000003172e-04,2.398749999999999716e+00
8.700000000000001135e-04,2.398749999999999716e+00
8.750000000000003435e-04,2.554999999999999716e+00
8.800000000000001397e-04,2.398749999999999716e+00
8.850000000000003697e-04,2.554999999999999716e+00
8.900000000000001660e-04,2.554999999999999716e+00
8.950000000000003959e-04,2.554999999999999716e+00
9.000000000000001922e-04,2.398749999999999716e+00
9.050000000000004222e-04,2.554999999999999716e+00
9.100000000000002184e-04,2.398749999999999716e+00
9.150000000000000147e-04,2.398749999999999716e+00
9.200000000000002447e-04,2.554999999999999716e+00
9.250000000000000409e-04,2.554999999999999716e+00
9.300000000000002709e-04,2.554999999999999716e+00
9.350000000000000672e-04,2.554999999999999716e+00
9.400000000000002971e-04,2.398749999999999716e+00
9.450000000000000934e-04,2.711249999999999716e+00
9.500000000000003234e-04,2.554999999999999716e+00
9.550000000000001196e-04,2.554999999999999716e+00
9.600000000000003496e-04,2.398749999999999716e+00
9.650000000000001459e-04,2.554999999999999716e+00
9.700000000000003758e-04,2.554999999999999716e+00
9.750000000000001721e-04,2.398749999999999716e+00
9.800000000000004020e-04,2.554999999999999716e+00
9.850000000000001983e-04,2.398749999999999716e+00
9.900000000000004283e-04,2.398749999999999716e+00
9.950000000000002245e-04,2.554999999999999716e+00
1.000000000000000021e-03,2.554999999999999716e+00
1.005000000000000251e-03,2.554999999999999716e+00
1.010000000000000047e-03,2.554999999999999716e+00
1.015000000000000277e-03,2.554999999999999716e+00
1.020000000000000073e-03,2.554999999999999716e+00
1.025000000000000303e-03,2.398749999999999716e+00
1.030000000000000100e-03,2.554999999999999716e+00
1.035000000000000329e-03,2.711249999999999716e+00
1.040000000000000126e-03,2.554999999999999716e+00
1.045000000000000356e-03,2.554999999999999716e+00
1.050000000000000152e-03,2.711249999999999716e+00
1.055000000000000382e-03,2.554999999999999716e+00
1.060000000000000178e-03,2.398749999999999716e+00
1.065000000000000408e-03,2.398749999999999716e+00
1.070000000000000204e-03,2.398749999999999716e+00
1.075000000000000434e-03,2.554999999999999716e+00
1.080000000000000231e-03,2.554999999999999716e+00
1.085000000000000027e-03,2.398749999999999716e+00
1.090000000000000257e-03,2.398749999999999716e+00
1.095000000000000053e-03,2.554999999999999716e+00
1.100000000000000283e-03,2.398749999999999716e+00
1.105000000000000079e-03,2.711249999999999716e+00
1.110000000000000309e-03,2.554999999999999716e+00
1.115000000000000106e-03,2.398749999999999716e+00
1.120000000000000336e-03,2.554999999999999716e+00
1.125000000000000132e-03,2.554999999999999716e+00
1.130000000000000362e-03,2.554999999999999716e+00
1.135000000000000158e-03,2.398749999999999716e+00
1.140000000000000388e-03,2.554999999999999716e+00
1.145000000000000184e-03,2.398749999999999716e+00
1.150000000000000414e-03,2.554999999999999716e+00
1.155000000000000211e-03,2.398749999999999716e+00
1.160000000000000440e-03,2.554999999999999716e+00
1.165000000000000237e-03,2.554999999999999716e+00
1.170000000000000033e-03,2.554999999999999716e+00
1.175000000000000263e-03,2.554999999999999716e+00
1.180000000000000059e-03,2.398749999999999716e+00
1.185000000000000289e-03,2.554999999999999716e+00
1.190000000000000085e-03,2.554999999999999716e+00
1.195000000000000315e-03,2.554999999999999716e+00
1.200000000000000112e-03,2.554999999999999716e+00
1.205000000000000342e-03,2.711249999999999716e+00
1.210000000000000138e-03,2.554999999999999716e+00
1.215000000000000368e-03,2.398749999999999716e+00
1.220000000000000164e-03,2.711249999999999716e+00
1.225000000000000394e-03,2.554999999999999716e+00
1.230000000000000190e-03,2.554999999999999716e+00
1.235000000000000420e-03,2.398749999999999716e+00
1.240000000000000217e-03,2.554999999999999716e+00
1.245000000000000447e-03,2.554999999999999716e+00
1.250000000000000243e-03,-1.012500000000002842e-01
1.255000000000000039e-03,5.499999999999971578e-02
1.260000000000000269e-03,5.499999999999971578e-02
1.265000000000000065e-03,-1.012500000000002842e-01
1.270000000000000295e-03,5.499999999999971578e-02
1.275000000000000092e-03,5.499999999999971578e-02
1.280000000000000322e-03,5.499999999999971578e-02
1.285000000000000118e-03,5.499999999999971578e-02
1.290000000000000348e-03,5.499999999999971578e-02
1.295000000000000144e-03,5.499999999999971578e-02
1.300000000000000374e-03,-2.575000000000002842e-01
1.305000000000000170e-03,5.499999999999971578e-02
1.310000000000000400e-03,5.499999999999971578e-02
1.315000000000000197e-03,5.499999999999971578e-02
1.320000000000000426e-03,5.499999999999971578e-02
1.325000000000000223e-03,5.499999999999971578e-02
1.330000000000000453e-03,5.499999999999971578e-02
1.335000000000000249e-03,5.499999999999971578e-02
1.340000000000000479e-03,2.112499999999997158e-01
1.345000000000000275e-03,5.499999999999971578e-02
1.350000000000000071e-03,-1.012500000000002842e-01
1.355000000000000301e-03,-1.012500000000002842e-01
1.360000000000000098e-03,5.499999999999971578e-02
1.365000000000000328e-03,5.499999999999971578e-02
1.370000000000000124e-03,5.499999999999971578e-02
1.375000000000000354e-03,-2.575000000000002842e-01
1.380000000000000150e-03,5.499999999999971578e-02
1.385000000000000380e-03,5.499999999999971578e-02
1.390000000000000176e-03,5.499999999999971578e-02
1.395000000000000406e-03,5.499999999999971578e-02
1.400000000000000203e-03,-1.012500000000002842e-01
1.405000000000000433e-03,5.499999999999971578e-02
1.410000000000000229e-03,5.499999999999971578e-02
1.415000000000000025e-03,5.499999999999971578e-02
1.420000000000000689e-03,5.499999999999971578e-02
1.425000000000000485e-03,5.499999999999971578e-02
1.430000000000000281e-03,5.499999999999971578e-02
1.435000000000000078e-03,-1.012500000000002842e-01
1.439999999999999874e-03,5.499999999999971578e-02
1.445000000000000537e-03,5.499999999999971578e-02
1.450000000000000334e-03,5.499999999999971578e-02
1.455000000000000130e-03,5.499999999999971578e-02
1.459999999999999926e-03,5.499999999999971578e-02
1.465000000000000590e-03,5.499999999999971578e-02
1.470000000000000386e-03,-1.012500000000002842e-01
1.475000000000000182e-03,5.499999999999971578e-02
1.479999999999999979e-03,5.499999999999971578e-02
1.485000000000000642e-03,5.499999999999971578e-02
1.490000000000000439e-03,2.112499999999997158e-01
1.495000000000000235e-03,5.499999999999971578e-02
1.500000000000000031e-03,-1.012500000000002842e-01
1.505000000000000695e-03,-1.012500000000002842e-01
1.510000000000000491e-03,5.499999999999971578e-02
1.515000000000000287e-03,5.499999999999971578e-02
1.520000000000000084e-03,5.499999999999971578e-02
1.524999999999999880e-03,2.112499999999997158e-01
1.530000000000000544e-03,5.499999999999971578e-02
1.535000000000000340e-03,5.499999999999971578e-02
1.540000000000000136e-03,5.499999999999971578e-02
1.544999999999999932e-03,5.499999999999971578e-02
1.550000000000000596e-03,5.499999999999971578e-02
1.555000000000000392e-03,5.499999999999971578e-02
1.560000000000000189e-03,5.499999999999971578e-02
1.564999999999999985e-03,-1.012500000000002842e-01
1.570000000000000649e-03,-1.012500000000002842e-01
1.575000000000000445e-03,5.499999999999971578e-02
1.580000000000000241e-03,5.499999999999971578e-02
1.585000000000000037e-03,5.499999999999971578e-02
1.590000000000000701e-03,5.499999999999971578e-02
1.595000000000000497e-03,5.499999999999971578e-02
1.600000000000000294e-03,5.499999999999971578e-02
1.605000000000000090e-03,5.499999999999971578e-02
1.609999999999999886e-03,5.499999999999971578e-02
1.615000000000000550e-03,5.499999999999971578e-02
1.620000000000000346e-03,-1.012500000000002842e-01
1.625000000000000142e-03,5.499999999999971578e-02
1.629999999999999939e-03,5.499999999999971578e-02
1.635000000000000602e-03,5.499999999999971578e-02
1.640000000000000398e-03,5.499999999999971578e-02
1.645000000000000195e-03,5.499999999999971578e-02
1.649999999999999991e-03,5.499999999999971578e-02
1.655000000000000655e-03,-1.012500000000002842e-01
1.660000000000000451e-03,5.499999999999971578e-02
1.665000000000000247e-03,2.554999999999999716e+00
1.670000000000000043e-03,2.554999999999999716e+00
1.675000000000000707e-03,2.554999999999999716e+00
1.680000000000000503e-03,2.554999999999999716e+00
1.685000000000000300e-03,2.242499999999999716e+00
1.690000000000000096e-03,2.398749999999999716e+00
1.694999999999999892e-03,2.398749999999999716e+00
1.700000000000000556e-03,2.242499999999999716e+00
1.705000000000000352e-03,2.554999999999999716e+00
1.710000000000000148e-03,2.398749999999999716e+00
1.714999999999999945e-03,2.554999999999999716e+00
1.720000000000000608e-03,2.398749999999999716e+00
1.725000000000000405e-03,2.554999999999999716e+00
1.730000000000000201e-03,2.242499999999999716e+00
1.734999999999999997e-03,2.398749999999999716e+00
1.740000000000000661e-03,2.398749999999999716e+00
1.745000000000000457e-03,2.398749999999999716e+00
1.750000000000000253e-03,2.398749999999999716e+00
1.755000000000000050e-03,2.554999999999999716e+00
1.760000000000000713e-03,2.554999999999999716e+00
1.765000000000000509e-03,2.398749999999999716e+00
1.770000000000000306e-03,2.242499999999999716e+00
1.775000000000000102e-03,2.554999999999999716e+00
1.779999999999999898e-03,2.554999999999999716e+00
1.785000000000000562e-03,2.398749999999999716e+00
1.790000000000000358e-03,2.398749999999999716e+00
1.795000000000000154e-03,2.398749999999999716e+00
1.799999999999999951e-03,2.554999999999999716e+00
1.805000000000000614e-03,2.398749999999999716e+00
1.810000000000000411e-03,2.398749999999999716e+00
1.815000000000000207e-03,2.554999999999999716e+00
1.820000000000000003e-03,2.554999999999999716e+00
1.825000000000000667e-03,2.398749999999999716e+00
1.830000000000000463e-03,2.398749999999999716e+00
1.835000000000000259e-03,2.398749999999999716e+00
1.840000000000000056e-03,2.711249999999999716e+00
1.845000000000000719e-03,2.554999999999999716e+00
1.850000000000000516e-03,2.554999999999999716e+00
1.855000000000000312e-03,2.554999999999999716e+00
1.860000000000000108e-03,2.398749999999999716e+00
1.864999999999999904e-03,2.554999999999999716e+00
1.870000000000000568e-03,2.554999999999999716e+00
1.875000000000000364e-03,2.554999999999999716e+00
1.880000000000000161e-03,2.554999999999999716e+00
1.884999999999999957e-03,2.554999999999999716e+00
1.890000000000000620e-03,2.398749999999999716e+00
1.895000000000000417e-03,2.554999999999999716e+00
1.900000000000000213e-03,2.554999999999999716e+00
1.905000000000000009e-03,2.398749999999999716e+00
1.910000000000000673e-03,2.398749999999999716e+00
1.915000000000000469e-03,2.398749999999999716e+00
1.920000000000000265e-03,2.398749999999999716e+00
1.925000000000000062e-03,2.398749999999999716e+00
1.930000000000000725e-03,2.711249999999999716e+00
1.935000000000000522e-03,2.398749999999999716e+00
1.940000000000000318e-03,2.554999999999999716e+00
1.945000000000000114e-03,2.554999999999999716e+00
1.949999999999999910e-03,2.398749999999999716e+00
1.955000000000000574e-03,2.554999999999999716e+00
1.960000000000000370e-03,2.554999999999999716e+00
1.965000000000000167e-03,2.398749999999999716e+00
1.969999999999999963e-03,2.554999999999999716e+00
1.975000000000000627e-03,2.398749999999999716e+00
1.980000000000000423e-03,2.711249999999999716e+00
1.985000000000000219e-03,2.398749999999999716e+00
1.990000000000000015e-03,2.398749999999999716e+00
1.995000000000000679e-03,2.554999999999999716e+00
2.000000000000000475e-03,2.554999999999999716e+00
2.005000000000000272e-03,2.398749999999999716e+00
2.010000000000000068e-03,2.398749999999999716e+00
2.015000000000000731e-03,2.398749999999999716e+00
2.020000000000000528e-03,2.398749999999999716e+00
2.025000000000000324e-03,2.711249999999999716e+00
2.030000000000000120e-03,2.398749999999999716e+00
2.034999999999999917e-03,2.554999999999999716e+00
2.040000000000000580e-03,2.398749999999999716e+00
2.045000000000000377e-03,2.554999999999999716e+00
2.050000000000000173e-03,2.398749999999999716e+00
2.054999999999999969e-03,2.554999999999999716e+00
2.060000000000000633e-03,2.554999999999999716e+00
2.065000000000000429e-03,2.554999999999999716e+00
2.070000000000000225e-03,2.242499999999999716e+00
2.075000000000000022e-03,2.554999999999999716e+00
2.080000000000000685e-03,2.554999999999999716e+00
2.085000000000000481e-03,5.499999999999971578e-02
2.090000000000000278e-03,5.499999999999971578e-02
2.095000000000000074e-03,-1.012500000000002842e-01
2.100000000000000738e-03,5.499999999999971578e-02
2.105000000000000534e-03,5.499999999999971578e-02
2.110000000000000330e-03,2.112499999999997158e-01
2.115000000000000126e-03,5.499999999999971578e-02
2.119999999999999923e-03,5.499999999999971578e-02
2.125000000000000586e-03,-1.012500000000002842e-01
2.130000000000000383e-03,5.499999999999971578e-02
2.135000000000000179e-03,5.499999999999971578e-02
2.139999999999999975e-03,-1.012500000000002842e-01
2.145000000000000639e-03,5.499999999999971578e-02
2.150000000000000435e-03,5.499999999999971578e-02
2.155000000000000231e-03,-1.012500000000002842e-01
2.160000000000000028e-03,5.499999999999971578e-02
2.165000000000000691e-03,5.499999999999971578e-02
2.170000000000000488e-03,-1.012500000000002842e-01
2.175000000000000284e-03,5.499999999999971578e-02
2.180000000000000080e-03,5.499999999999971578e-02
2.185000000000000744e-03,5.499999999999971578e-02
2.190000000000000540e-03,-1.012500000000002842e-01
2.195000000000000336e-03,2.112499999999997158e-01
2.200000000000000133e-03,5.499999999999971578e-02
2.204999999999999929e-03,5.499999999999971578e-02
2.210000000000000592e-03,5.499999999999971578e-02
2.215000000000000389e-03,5.499999999999971578e-02
2.220000000000000185e-03,5.499999999999971578e-02
2.224999999999999981e-03,5.499999999999971578e-02
2.230000000000000645e-03,5.499999999999971578e-02
2.235000000000000441e-03,-1.012500000000002842e-01
2.240000000000000237e-03,5.499999999999971578e-02
2.245000000000000034e-03,-1.012500000000002842e-01
2.250000000000000697e-03,5.499999999999971578e-02
2.255000000000000494e-03,-1.012500000000002842e-01
2.260000000000000290e-03,2.112499999999997158e-01
2.265000000000000086e-03,-1.012500000000002842e-01
2.270000000000000750e-03,2.112499999999997158e-01
2.275000000000000546e-03,5.499999999999971578e-02
2.280000000000000342e-03,5.499999999999971578e-02
2.285000000000000139e-03,5.499999999999971578e-02
2.289999999999999935e-03,-1.012500000000002842e-01
2.295000000000000599e-03,-1.012500000000002842e-01
2.300000000000000395e-03,5.499999999999971578e-02
2.305000000000000191e-03,-1.012500000000002842e-01
2.309999999999999987e-03,5.499999999999971578e-02
2.315000000000000651e-03,2.112499999999997158e-01
2.320000000000000447e-03,-1.012500000000002842e-01
2.325000000000000244e-03,5.499999999999971578e-02
2.330000000000000040e-03,5.499999999999971578e-02
2.335000000000000703e-03,-1.012500000000002842e-01
2.340000000000000500e-03,-1.012500000000002842e-01
2.345000000000000296e-03,-1.012500000000002842e-01
2.350000000000000092e-03,5.499999999999971578e-02
2.355000000000000756e-03,-2.575000000000002842e-01
2.360000000000000552e-03,5.499999999999971578e-02
2.365000000000000348e-03,5.499999999999971578e-02
2.370000000000000145e-03,5.499999999999971578e-02
2.374999999999999941e-03,-1.012500000000002842e-01
2.380000000000000605e-03,5.499999999999971578e-02
2.385000000000000401e-03,-1.012500000000002842e-01
2.390000000000000197e-03,5.499999999999971578e-02
2.394999999999999993e-03,5.499999999999971578e-02
2.400000000000000657e-03,5.499999999999971578e-02
2.405000000000000453e-03,5.499999999999971578e-02
2.410000000000000250e-03,5.499999999999971578e-02
2.415000000000000046e-03,-1.012500000000002842e-01
2.420000000000000710e-03,-1.012500000000002842e-01
2.425000000000000506e-03,5.499999999999971578e-02
2.430000000000000302e-03,5.499999999999971578e-02
2.435000000000000098e-03,2.112499999999997158e-01
2.440000000000000762e-03,-1.012500000000002842e-01
2.445000000000000558e-03,-1.012500000000002842e-01
2.450000000000000355e-03,2.112499999999997158e-01
2.455000000000000151e-03,5.499999999999971578e-02
2.459999999999999947e-03,-1.012500000000002842e-01
2.465000000000000611e-03,5.499999999999971578e-02
2.470000000000000407e-03,-1.012500000000002842e-01
2.475000000000000203e-03,5.499999999999971578e-02
2.480000000000000000e-03,5.499999999999971578e-02
2.485000000000000663e-03,-1.012500000000002842e-01
2.490000000000000459e-03,5.499999999999971578e-02
2.495000000000000256e-03,5.499999999999971578e-02
2.500000000000000052e-03,-8.382500000000000284e+00
